source,pivot_text(de),pivot_text(zh),bt_zh,bt_de
Earth is the only place in the universe where life has been confirmed to exist.,Die Erde ist der einzige Ort im Universum mit bestätigtem Leben.,只有地球才能确认宇宙中的生命,Only Earth can confirm life in the universe.,Earth is the only place in the universe with confirmed life.
"It consisted of the American, British, and French occupation sectors established in 1945.","Es wurde aus den amerikanischen, britischen und französischen Besatzungssektoren gebildet, die 1945 gegründet wurden.",它拥有1945年建立的美国、英国和法国的住宅。,"It has residences in the United States, Britain and France, established in 1945.","It was formed from the American, British and French occupation sectors, which were founded in 1945."
"Origins Initially a part of Urartu, Sophene became a province of the newly emerged ancient Armenian Kingdom of Orontids around 600 BC.","Bevor Sophere die Provinz des alten armenischen Königreiches Orontids nahe 600 v. Chr. wurde, war er erster Teil von Urartu.","Sophene原来是Urartu的一部分,后来成为亚美尼亚奥龙提德王国的一个省。",Sophene was originally part of Urartu and became a province of the Orontid Kingdom of Armenia.,"Before Sophere became the province of the old Armenian kingdom of Orontids near 600 BC, it was the first part of Urartu."
"However, there are exceptions to this rule, such as defense rather than defence.",Ausnahmen von dieser Regel sind Verteidigung und nicht Verteidigung.,"这项规则的例外包括辩护,而不是辩护。","Exceptions to this rule include defence, not defence.",Exceptions to this rule are defence and not defence.
All of the Office 95 products have OLE 2 capacity — moving data automatically from various programs — and PowerPoint 7 shows that it was contemporary with Word 7.,"Beide Office 95 Elemente haben OLE 2 Fähigkeit — automatisch Daten von verschiedenen Programmen zu übertragen — und PowerPoint 7 zeigt, dass es zeitgemäß zu Word 7 war.","办公室所有95种产品都具有OLE 2能力——自动移动不同程序的数据。 PowerPoint 7显示,它与Word 7同时存在。",All 95 products of the Office have OLE 2 capabilities - automatically moving data from different programs. PowerPoint 7 shows that it exists at the same time as Word 7.,Both Office 95 elements have OLE 2 capability — automatically transferring data from different programs — and PowerPoint 7 shows that it was up to date with Word 7.
Littlest Pet Shop is a toy franchise owned by Hasbro.,Littlest Pet Shop ist ein Spielzeug-Franchise. Es ist im Besitz von Hasbro.,"小宠物店是玩具专卖权,属于Hasbro所有。",The pet shop is exclusive to toys and owned by Hasbro.,Littlest Pet Shop is a toy franchise. It is owned by Hasbro.
Kievan Rus' ultimately disintegrated and the lands were divided into many small feudal states.,Kievan Rus zerfiel und die Gebiete wurden in viele kleine Staaten aufgeteilt.,基辅鲁斯最终结束了 土地被划分成许多小封建州,"Kiev Rus is finally over, and the land is divided into many small feudal states.",Kievan Rus collapsed and the areas were divided into many small states.
"Occasionally, she starred in ""Maestro Minnie"" Maestro Minnie.","Sie spielte manchmal in ""Maestro Minnie""","她有时在""Meestro Minnie""上演","She plays ""Meestro Minnie"" sometimes.","She sometimes played in ""Maestro Minnie"""
Seeds of several species are the source of the popular beverage coffee.,Kaffee enthält mehrere Arten von Samen.,两种不同类型的种子是咖啡的来源。,Two different types of seeds are sources of coffee.,Coffee contains several types of seeds.
A medical emergency is an injury or illness that is acute and poses an immediate risk to a person's life or long term health.,"Ein medizinischer Notfall ist eine Verletzung oder Krankheit, die intensiv ist und ein unmittelbares Risiko für das Leben oder die langfristige Gesundheit ist.",医疗紧急情况是指对人的生命有直接危险的伤害或疾病。,Medical emergencies are injuries or diseases that pose a direct risk to human life.,A medical emergency is an injury or illness that is intense and is an immediate risk to life or long-term health.
Some notable series that trace their look and feel to Wizardry include The Bard's Tale and Might and Magic.,Einige Serien verfolgen ihr Aussehen und Gefühl zu Wizardry. Diese Serie umfasst The Bard's Tale and Might and Magic.,追踪巫师和魔术师外表的两个显著系列是《巴德的故事、力量和魔法》。,"Two distinct series of tracking witches and magicians are The Story of Bad, Power and Magic.",Some series follow their look and feel to Wizardry. This series includes The Bard's Tale and Might and Magic.
"Backstory The general plot of the game is that a team of four, an Alien, a Human, an Android, and a Psionic, have left Earth aboard a spacecraft on the basis of the planet's imminent destruction.","Die Geschichte des Spiels ist, dass ein Team von vier, ein Alien, ein Mensch, ein Android, und ein Psionic, haben die Erde auf einem Raumschiff verlassen, um der Zerstörung des Planeten zu entkommen.",这场游戏的总体理念是 由外星人、人类、Android人 和固态离开地球组成的团队 组成在一艘太空船上 因为地球即将毁灭,"The general idea of this game is that a team of aliens, humans, Androids and solids leaving the Earth will be formed on board a spaceship because the Earth is about to be destroyed.","The story of the game is that a team of four, an alien, a human, an Android, and a Psionic, have left Earth on a spaceship to escape the destruction of the planet."
Eastman and Kotik performed together extensively in the early to mid 1970s.,Eastman und Kotik spielten in den 1970er Jahren sehr viel zusammen.,1970年代初伊斯特曼和科提克合作很多,"In the early 1970s, Eastman and Cotick worked a lot together.",Eastman and Kotik played a lot together in the 1970s.
"Prior to World War I, the Near East referred to relatively nearby lands of the Ottoman Empire, Middle East to northwestern South Asia and Central Asia, and Far East for countries along the western Pacific Ocean and countries along the eastern Indian Ocean.",Der Nahe Osten hatte viele Namen vor dem Ersten Weltkrieg. Menschen brachen ihn oft in den Nahen Osten und Fernen Osten.,"在第一次世界大战之前,近东地区提到西太平洋沿岸国家和东印度洋沿岸国家奥斯曼帝国、中东至西北部、中亚和远东附近的土地。","Prior to the First World War, the Near East region referred to land in the western Pacific and eastern Indian Ocean coastal States, the Ottoman Empire, the Middle East to the north-west, Central Asia and the vicinity of the Far East.",The Middle East had many names before World War I. People often broke it into the Middle East and Far East.
A considerable amount of research has been put into designs that avoid these delays as much as possible.,"Ein großer Teil der Forschung wurde an Designs durchgeführt, die diese Verzögerungen so weit wie möglich stoppen.",设计研究有助于避免延误。,Design research helps to avoid delays.,Much of the research has been carried out on designs that stop these delays as far as possible.
"The storm continued, crossing the Outer Banks of North Carolina, and retained its strength until June 20 when it became extratropical near Newfoundland.","Der Sturm setzte sich fort und überquerte die Outer Banks von North Carolina. Er blieb bis zum 20. Juni stark, als er in der Nähe von Neufundland extratropisch wurde.","风暴持续,穿越北卡罗来纳州外银行,保持了力量,直到6月20日,在纽芬兰附近成为外来热带地区。","The storm continued through banks outside North Carolina and remained strong until 20 June, when it became an alien tropical area near Newfoundland.","The storm continued and crossed the Outer Banks of North Carolina. He remained strong until June 20, when he became extratropical near Newfoundland."
"Web colors are colors used in designing web pages, and the methods for describing and specifying those colors.","Web-Farben sind Farben verwendet, um Webseiten zu entwerfen und die Möglichkeiten, diese Farben zu beschreiben und darauf hinzuweisen.",网络颜色用于设计、描述和具体网页颜色。,"Network colours are used to design, describe and specify web colours.",Web colors are used colors to design websites and the ways to describe and point out these colors.
The rotation period could not be estimated conclusively (best fit ~ 4 h).,Die Rotationszeit konnte nicht mit Sicherheit geschätzt werden (am besten geeignet ~ 4 h).,"轮调时间各有不同,通常为四小时左右。","Rotation times vary, usually around four hours.",The rotation time could not be estimated with certainty (best suited ~ 4 h).
"RC4 was initially a trade secret, but in September 1994 a description of it was anonymously posted to the Cypherpunks mailing list.",RC4 war zunächst ein Handelsgeheimnis. Im September 1994 wurde eine Beschreibung der Liste ohne Namen auf die Cypherpunks-Mailingliste geschrieben.,"尽管RC41994年是内部秘密,但Cypherpunks的邮寄名单由一个匿名来源详细介绍了这一秘密。","Although RC4 was an internal secret in 1994, the mailing list of Cypherpunks was detailed by an anonymous source.",RC4 was initially a trade secret. In September 1994 a description of the list without names was written on the Cypherpunks mailing list.
"For example, 1.5 & times; 30 (which equals 45) will show the same result as 1,500,000 & times; 0.03 (which equals 45,000).","Eine Demonstration ist 1,5 mal 30 mit dem gleichen Ergebnis wie 1.500 000 mal 0.03.","例如,1.5乘以30的结果与1500 000乘以0.03的结果相同。","For example, the result of 1.5 times 30 is the same as that of 15 million times 0.03.","A demonstration is 1.5 times 30 with the same result as 1,500 000 times 0.03."
It is currently used mostly for football matches and is the home stadium of Association Sportive SONABEL.,Es ist das Heimstadion der Association Sportive SONABEL.,"现在,它主要用于足球比赛,是SONABEL体育协会的体育场。",It is now mainly used in football games and is the stadium of the Sonabel Sports Association.,It is the home stadium of the Association Sportive SONABEL.
It is the fourth Metal Gear game produced and directed by Kojima and the direct sequel to Metal Gear Solid.,Es ist die vierte Metal Gear Spiel eine Fortsetzung zu Metal Gear Solid. Es wird produziert und Regie von Kojima.,"这是第四场金属齿轮游戏,是金属齿轮固体的续集,由小岛制作和指挥。","This is the fourth metal gear game, a sequel of metal gear solids, produced and directed by the island.",It is the fourth Metal Gear game a sequel to Metal Gear Solid. It is produced and directed by Kojima.
His travel writings and his extensive diaries and correspondence have also been published.,Auch seine Reiseschriften und seine kompletten Tagebücher und Briefe wurden gedruckt.,他的旅行著作以及他的许多日记和信函也已经出版。,His travel books and many of his journals and letters have also been published.,His travel books and complete diaries and letters were also printed.
"Blade of Fire is the second novel in Stuart Hill's fantasy series, the Icemark Chronicles.","Blade of Fire ist das zweite Buch. Es gehört zu Stuart Hills Fantasy-Serie, den Icemark Chronicles.",火之刀是第二本书 属于斯图尔特・希尔的幻想系列,The sword of fire is the second book of Stuart Hill's fantasy series.,"Blade of Fire is the second book. It belongs to Stuart Hills' fantasy series, the Icemark Chronicles."
"The Spanish did not manage to conquer the island until 1697, after several attempts, that begun in 1629, when they marched in, from Corozal in Belize, Yucatán and Alta Verapaz, attacked via boats and destroyed it.","Die Spanier eroberten die Insel erst 1697, nach mehreren Versuchen, die 1629 begannen, marschierten sie von Corozal in Belize, Yucatán und Alta Verapaz und attackierten und zerstörten sie mit Booten.","西班牙人直到1697年才征服这个岛, 1629年的尝试才开始, 当他们用船攻击并摧毁了它。","The Spaniards didn't conquer the island until 1697, and the attempt began in 1629, when they attacked and destroyed it by boat.","The Spanish conquered the island only in 1697, after several attempts that began in 1629, they marched from Corozal in Belize, Yucatán and Alta Verapaz and attacked and destroyed it by boats."
Meanwhile the KLI has about 20 of those former Beginners' Grammarians.,KLI hat fast 20 dieser ehemaligen Anfänger-Grammatiker.,KLI有近20个前初学者的语法学家。,KLI is a linguistic jurist of nearly 20 former beginners.,KLI has almost 20 of these former novice grammatics.
It formed on July 19 from a trough of low pressure off the Southeast U. S. Coast.,Es bildete sich am 19. Juli. Es begann aus einem Trog niedrigen Drucks vor der Südost-U.S.-Küste.,它于7月19日由美国东南海岸低压地带创建。,It was created on 19 July by a low-pressure strip on the south-eastern coast of the United States.,It formed on July 19. It began from a trough of low pressure off the southeast U.S. coast.
George Bernard Shaw (26 July 1856 2 November 1950) was an Irish playwright.,George Bernard Shaw war ein irischer Dramatiker.,乔治·伯纳德·肖是爱尔兰剧作家,George Bernard Shaw is an Irish playwright.,George Bernard Shaw was an Irish playwright.
"A road movie set across Canada, its tagline was They came.","Ein Roadmovie über Kanada, Tagline war ""They came"".","加拿大标签栏上的一部电影是""他们来了""","One of the films on the Canadian label is ""They're here.""","A road movie about Canada, Tagline was ""They came""."
"8 Flora (,) is a large, bright main belt asteroid.","(Flora) ist ein Asteroid des Hauptgürtels, der am 22.",弗洛拉是一个大而明亮的主带小行星,"Flora is a big, bright belt asteroid.","Flora () is a main-belt asteroid discovered on October 22, 1944 by C. W. at Palomar."
Cocoa was an important commodity in Pre-Columbian Mesoamerica.,"Kakao war ein wichtiger Rohstoff in Mesoamerika, vor Kolumbien.",可可是哥伦比亚中美洲前的重要产品。,But it's an important product before Colombia's Central America.,"Cocoa was an important raw material in Mesoamerica, before Colombia."
A game played in a browser is often called a browser-based game (BBG).,"Ein Spiel, das in einem Browser gespielt wird, wird oft als ein browserbasiertes Spiel bezeichnet.",在浏览器中玩的游戏被称为基于浏览器的游戏。,The game played in the browser is called a browser-based game.,A game played in a browser is often referred to as a browser-based game.
His team had been vanquished in two consecutive games by the Montreal Canadiens in 1929 – 30.,Seine Mannschaft wurde in zwei aufeinander folgenden Spielen von den Montreal Canadiens zwischen 1929 und 1930 besiegt.,"1929-30年,他的球队被蒙特利尔卡纳迪安人队击败。","In 1929-30, his team was defeated by the Carnadians in Montreal.",His team was defeated in two consecutive games by the Montreal Canadiens between 1929 and 1930.
"This was a quite sensitive topic at the time, since Poland was concerned that someday a German government would seek to reclaim some of this traditionally Germany territory given to Poland after World War II.","Dies war ein heikles Thema, weil Polen besorgt war, dass Deutschland nach dem Zweiten Weltkrieg deutsches Territorium an Polen zurückerobern könnte.","这是一个敏感的话题, 因为波兰担心有一天德国政府 会试图归还它原来的领土 它在二战后交给波兰。","It's a sensitive topic, because Poland fears that one day the German government will try to return its original territory to Poland after World War II.",This was a delicate issue because Poland was concerned that Germany could reclaim German territory to Poland after the Second World War.
"Many of these officers were black and had a fear that as they blended in very well they would be mistaken for a criminal by other police officers, especially in case of drawing their gun in an emergency.","Viele dieser Offiziere waren schwarz und fürchteten, sie würden von anderen Polizisten für einen Verbrecher verwechselt werden.","许多警官是黑人,他们害怕被其他警官误认为罪犯。",Many police officers are black and fear being mistaken for criminals by other police officers.,Many of these officers were black and feared that they would be mistaken for a criminal by other police officers.
The Alabama state legislature formed additional counties from former Indian lands as the Indian Removal Act took effect and settlers populated different areas of Alabama.,Das Indian Removal Act machte Alabama mehr Länder und die Alabama Staat Legislative gebildet zusätzliche Grafschaften.,"阿拉巴马岛的《印第安人驱逐法》拥有更多的土地,阿拉巴马州立法机构又组建了更多的县。",The Indian Evictions Act on Alabama has more land and the Alabama legislature has created more counties.,The Indian Removal Act made Alabama more countries and the Alabama state legislature formed additional counties.
"Established in 1892 / 93, the Sheffield Shield is the premier domestic first class cricket competition in Australia.",Das Sheffield Shield wurde 1892/93 gegründet und ist Australiens führender heimischer Cricket-Wettbewerb erster Klasse.,"谢菲尔德盾牌是澳大利亚首届国内一级板球比赛,于1892/1893年成立。","The Sheffield Shield, the first national cricket game in Australia, was founded in 1892/1893.",The Sheffield Shield was founded in 1892/93 and is Australia's leading domestic cricket competition.
"He was a leading figure in the German political party Alliance '90 / The Greens, and according to opinion polls, he was the most popular politician in Germany for most of the government's duration.",Er war ein wichtiger Mensch in der deutschen Partei Allianz '90 / Die Grünen. Nach Meinungsumfragen war er der populärste Politiker in Deutschland für den größten Teil der Regierungsdauer.,"他是90年代德国政党联盟的领导人物,也是德国大部分任期内最受欢迎的政治家。",He was the leader of the coalition of German political parties in the 1990s and the most popular politician in Germany for most of its term.,"He was an important person in the German party Allianz '90 / The Greens. According to opinion polls, he was the most popular politician in Germany for most of the government period."
Bonham Carter will be starring alongside Matthew Macfadyen and Denis Lawson.,"Bonham Carter, Matthew Macfadyen und Denis Lawson spielen zusammen.",邦汉姆·卡特将和马修·麦克法迪恩和丹尼斯·劳森合作,Bonham Carter will work with Matthew McFadion and Dennis Lawson.,"Bonham Carter, Matthew Macfadyen and Denis Lawson play together."
"Genotype and Mendelian inheritance The distinction between genotype and phenotype is commonly experienced when studying family patterns for certain hereditary diseases or conditions, for example, haemophilia.","Sie können den Unterschied zwischen Genotyp und Phänotyp sehen, wenn Sie Familien für bestimmte erbliche Bedingungen studieren.","在研究遗传疾病时,人们会发现基因型和苯型之间的区别。","In the study of genetic diseases, a distinction is found between gene and benzene types.",You can see the difference between genotype and phenotype when you study families for certain hereditary conditions.
Only the Congress can pass changes to FIFA's statutes.,Nur der Kongress kann die FIFA-Gesetze ändern.,只有国会才能修改国际足联章程。,Only Congress can amend the statutes of FIFA.,Only Congress can change FIFA laws.
Between 1898 and 1901 he was a choral coach and subsequently an assistant conductor at the Bayreuth Festival.,Von 1898-1901 war er Chortrainer und von 1898-1901 stellvertretender Dirigent der Bayreuther Festspiele.,"1898年至1901年间,他曾任Bayreuth节的歌唱教练和助理指挥员。","Between 1898 and 1901, he was a singer and assistant commander for the Bayreuth festival.",From 1898-1901 he was choir coach and from 1898-1901 deputy conductor of the Bayreuth Festival.
"The elements are thus distinguished: Yang Wood, Yin Wood, Yang Fire, Yin Fire, etc.","Die Elemente sind wie folgt: Yang Wood, Yin Wood, Yang Fire, Yin Fire, etc.","Yang Wood, Yin Wood, Yang Fire, Yang Fire, Yin Fire,等等,这些元素是如何分解的。","Yang Wood, Yin Wood, Yang Fire, Yang Fire, Yin Fire, etc., how these elements are decomposed.","The elements are as follows: Yang Wood, Yin Wood, Yang Fire, Yin Fire, etc."
The game includes elements of role-playing and business simulation games.,Das Spiel hat Rollenspiele und Business-Simulation.,该游戏包含角色扮演和企业模拟游戏的内容。,The game consists of role-playing and business simulation games.,The game has role playing and business simulation.
In 1974 he was tried and acquitted of participating in the raid that rescued Baader.,"1974 wurde er vor Gericht gestellt und für nicht schuldig befunden, bei der Razzia, die Baader rettete, dabei gewesen zu sein.","1974年,他因营救Baader的突袭被宣告无罪。","In 1974, he was acquitted of the raid to rescue Bader.","In 1974, he was tried and found not guilty of being involved in the raid that saved Baader."
Spandau was given city rights in 1232.,Spandau erhielt 1232 Stadtrechte.,斯潘道在1232年成为一座城市,Spendao became a city in 1232.,Spandau was granted city rights in 1232.
Max and Moritz as well as many of his other picture stories are regarded as one of the main precursors of the modern comic strip.,"Max und Moritz, sowie viele seiner anderen Bildergeschichten, werden als ein wichtiger Vorläufer des modernen Comics angesehen.",Max和Moritz是现代漫画的主要基础之一。,Max and Moritz are one of the main foundations of modern cartoons.,"Max and Moritz, as well as many of his other picture stories, are regarded as an important precursor of modern comics."
"Polydor Records is a record label currently headquartered in the UK, and is a subsidiary of Universal Music Group.",Polydor Records ist ein in Großbritannien geführtes Plattenlabel. Es ist eine Tochtergesellschaft der Universal Music Group.,"Polydor唱片公司是一个子公司或世界音乐集团,唱片公司总部设在联合王国。",Polydor Records is a subsidiary or a world music group with its headquarters in the United Kingdom.,Polydor Records is a UK-run record label. It is a subsidiary of the Universal Music Group.
He even envisioned centralized air conditioning that could cool entire cities.,Er dachte an eine zentrale Klimaanlage für ganze Städte.,他甚至考虑创造空调 以冷却整个城市,He's even thinking about creating air conditioning to cool the whole city.,He thought of a central air conditioning system for entire cities.
"Following the December 2007 decision by landlords, the Vale of Glamorgan Council to terminate the £65,000 funding of the Barry Island Railway, the society struggled to maintain a service.","Nach der Entscheidung der Vermieter von 2007, die Vale of Glamorgan Council, die £ 65.000 Finanzierung der Barry Island Railway zu stoppen, konnten die Menschen kaum Service aufrecht erhalten.","在2007年房东、格拉摩根理事会谷地决定停止为巴里岛铁路提供65 000英镑的资金后,人们几乎无法维持服务。","After the landlord's decision in the Gran Morgan Council Valley in 2007 to stop funding for Bari Railways in the amount of £65,000, it was almost impossible to maintain services.","After the decision of the landlords of 2007, the Vale of Glamorgan Council to stop the £65,000 financing of the Barry Island Railway, people could hardly maintain service."
"David W. Dunham, The Minor Planet Bulletin, Volume 6, p. 13 - 14 (December 1978) ADS archive copy However, careful examination in 1993, using the Hubble Space Telescope, failed to locate a secondary.",Allerdings fand eine sorgfältige Untersuchung im Jahr 1993 mit dem Hubble Telescope keine sekundäre.,"David W. Dunham,《小行星公报》,第6卷,第13-14页(1978年12月),ADS档案副本:然而,1993年利用哈勃空间望远镜仔细搜索后,未能找到第二人。","David W. Dunham, Asteroid Bulletin, vol. 6, pp. 13-14 (December 1978), ADS file copy: However, after a careful search using the Hubble Space Telescope in 1993, it was not possible to find a second person.","However, a careful investigation with the Hubble Telescope in 1993 did not find any secondary."
"It was developed from farming land during the 1990s and early 21st century, and sits between the historic villages of Mangotsfield and Downend.",Es wurde zwischen den Dörfern Mangotsfield und Downend aus landwirtschaftlichen Flächen in den 1990er und frühen 21. Jahrhundert gemacht.,它是在1990年代和2000年代初期由农田制成的。,It was made of farmland in the 1990s and early 2000s.,It was made between the villages of Mangotsfield and Downend from agricultural land in the 1990s and early 21st century.
"The valleys of the Waimea River and its tributary, the Makaweli River, were once heavily populated.","Die Waimea-Täler und ihr Nebenfluss, der Makaweli-Fluss, waren einst stark besiedelt.",瓦伊梅亚河谷和马卡韦利河曾有许多居民。,There were many inhabitants of the Waimea Valley and the Makaveli River.,"The Waimea valleys and their tributary, the Makaweli River, were once heavily populated."
Economy Up to the 20th century Nidwalden was dominated by agriculture.,Bis in die 1900er Jahre wurde Nidwalden von der Landwirtschaft dominiert.,"直到20世纪,农业一直以尼德瓦尔登为主。","Until the twentieth century, agriculture was dominated by Ned Walden.","Until the 1900s, Nidwalden was dominated by agriculture."
Fierce Creatures is a 1997 comedy film.,Fierce Creatures ist ein Film aus dem Jahr 1997.,巨型生物是1997年制作的一部喜剧电影。,A giant creature was produced in 1997 as a comedy film.,"Fierce Creatures is a 1997 film based on the novel ""Fierce Creatures""."
"Proteus is very cratered, showing no sign of any geological modification.",Proteus hat viele Krater ohne Anzeichen geologischer Veränderungen.,普罗秋斯的弹坑很大 它没有地质变化的迹象,Proteus's crater is huge. It doesn't show any signs of geological change.,Proteus has many craters without signs of geological changes.
It also featured original ECW talent.,Auch ECW-Talent wurde gezeigt.,该图还展示了欧洲妇女理事会的原创才华。,It also shows the original talents of the European Council of Women.,ECW talent was also shown.
"The city's Inca architecture, however, withstood the earthquake.",Das Erdbeben zerstörte die Inka-Gebäude nicht.,"不过,这座城市的印加建筑 在地震中还是不错的。","However, the city's Inga building was pretty good in the earthquake.",The earthquake did not destroy the Inca buildings.
"Jedin, 138 By specifying Catholic doctrine on salvation, the sacraments, and the Biblical canon, the Council was answering Protestant disputes.","Die Erlösung, die Sakramente und der biblische Kanon wurden vom Konzil festgelegt. Dies beantwortete die protestantischen Streitigkeiten.","救世主、圣餐和圣经的峡谷由议会指定,这解决了新教的争端。","The canyons of the Savior, the Communion and the Bible were designated by Parliament, which settled the Protestant dispute.","The redemption, the sacraments and the biblical canon were established by the Council. This answered the Protestant disputes."
"Turkestan (literally meaning ""Land of the Turks"") is a region in Central Asia, which today is largely inhabited by Turkic peoples.",Turkestan bedeutet Land der Türken. Es ist eine Region in Zentralasien. Die Bevölkerung dort ist meist Turkvölker.,"突厥斯坦是中亚的一个地区,居住着突厥人。",Turkistan is a region of Central Asia inhabited by Turks.,Turkestan means country of the Turks. It is a region in Central Asia. The population there is mostly Turk people.
"On April 7, 2004, Messing gave birth to their son, Roman Walker Zelman.",Am 7. April 2004 brachte Messing ihren Sohn zur Welt. Sie nannten ihren Sohn Roman Walker Zelman.,"2004年4月7日,杂货店生下了罗曼·泽尔曼。","On 7 April 2004, Roman Zehrman was born at the grocery store.","On April 7, 2004, Messing gave birth to her son. They called her son Roman Walker Zelman."
"In 1887, was reorganized into a stock company.",1887 wurde es zur Aktiengesellschaft.,1887年改名为一家股票公司,Changed to a stock company in 1887.,In 1887 it became a public limited company.
"Cheaha Mountain, often called Mount Cheaha, is the highest point in the U. S. state of Alabama.",Der höchste Berg in Alabama ist der Cheaha Mountain. Er wird auch Mount Cheaha genannt.,切哈山(通常被称为谢哈山)是美国阿拉巴马州的最高点。,Mt. Cheha (often referred to as Mt. Sheha) is the highest point in the state of Alabama in the United States.,The highest mountain in Alabama is the Cheaha Mountain. It is also called Mount Cheaha.
Their sound can be described as Celtic folk metal with melodic death metal influences.,Ihr Sound wird als keltischer Folk Metal mit Death Metal Impact bezeichnet.,他们的声音被贴上凯尔特民间金属的标签 其金属撞击致死,"Their voice was labeled Celtic Metal, whose metal was hit to death.",Their sound is called Celtic Folk Metal with Death Metal Impact.
The former location of the fort is currently called the Place de la Bastille.,"Der Ort, an dem Fort früher war, heißt Place de la Bastille.",曾经是堡垒的地方叫做巴斯提尔广场。,The place that used to be the Fortress is called Bastile Square.,The place where Fort used to be is called Place de la Bastille.
Pueblos are traditional communities of Native Americans in the southwestern United States of America.,Traditionelle Gemeinschaften von Indianern im Südwesten der Vereinigten Staaten werden Pueblos genannt.,人民币是美利坚合众国西南部美洲原住民的家园。,The renminbi is the home of Native Americans in the south-western part of the United States of America.,Traditional communities of Indians in the southwest of the United States are called Pueblos.
Cash transactions are rounded to the nearest five cents.,Bargeldbörsen werden auf die nächsten fünf Cent gerundet.,现金兑换四舍五入至最接近的五分之一。,Cash is rounded to the nearest fifth.,Cash exchanges are rounded to the next five cents.
This advanced protocol will not work with some older network cards.,Diese neue Regel wird nicht mit einigen älteren Netzwerk-Auto funktionieren,这条新规则对一些老旧的网络车是行不通的,This new rule doesn't work for some old Internet car.,This new rule will not work with some older network car
"By the age of 21, he was already recognized for composing more than 200 songs.",Im Alter von 21 Jahren war er für das Komponieren von über 200 Songs bekannt.,"21岁时,他已经以创作200多首歌曲而闻名。","At the age of 21, he had been known to write more than 200 songs.","At the age of 21, he was known for composing over 200 songs."
Waterson took the Labour whip in Parliament.,Waterson nahm die Laborpeitsche des Senats.,Waterson在议会担任劳工党鞭笞的角色。,Waterson's role in the Labour Party's Whipping in Parliament.,Waterson took the Senate's lab whip.
"The cyclone continued tracking northwestward, making landfall around 0000 UTC on September 22 near Fort Walton Beach, Florida with winds of 35 mph (55 km / h).","Der Zyklon bewegte sich nordwestlich. Er machte Landfall am 22. September in der Nähe von Fort Walton Beach, Florida. Die Winde waren 35 mph.","9月22日,在佛罗里达州沃尔顿堡海滩附近,旋风继续向西北行驶,到达世界协调时0 000左右的土地,风速为35英里(55公里/小时)。","On 22 September, near Fort Walton Beach, Florida, the cyclone continued to travel north-west, reaching about 10,000 land at World Harmonisation Time, with a 35-mile wind speed (55 km/hour).","The cyclone moved northwest, making landfall on September 22 near Fort Walton Beach, Florida. The winds were 35 mph."
Poutrincourt's son bequeathed the settlement to Charles de Saint-Étienne de la Tour upon his own death in 1623.,"Poutrincourts Sohn übergab die Siedlung an Charles de Saint-Étienne, als er 1623 starb.","普特林考特的儿子于1623年去世,将和解协议通过给查尔斯·德圣艾蒂安。",The son of Putin passed away in 1623 and the settlement agreement was passed to Charles de St. Etienne.,Poutrincourt's son handed the settlement over to Charles de Saint-Étienne when he died in 1623.
"The first minaret was constructed in 665 in Basra during the reign of the Umayyad caliph Muawiyah I. Muawiyah encouraged the construction of minarets, as they were supposed to bring mosques on par with Christian churches with their bell towers.","Das erste Minarett wurde im Jahre 665 in Basra gebaut. Dieser Bau war während der Regierungszeit des Umayyad Kalifen Muawiyah I. Muawiyah förderte den Bau von Minaretten. Er dachte, sie würden Moscheen auf Augenhöhe mit christlichen Kirchen und ihre Glockentürme setzen.","第一个月塔是在巴士拉建造的,第665年,由我统治的乌马亚德哈里夫·穆阿维耶(Umayyad caliph Muawiyah),他敦促他们建造像基督教钟塔教堂那样好的清真寺。","The first moon tower was built in Basra in 665, Umayyad caliph Muawiyah, which I ruled, and he urged them to build a mosque as good as the Church of the Christian Bell Tower.",The first minaret was built in Basra in 665. This construction was during the reign of Umayyad Caliph Muawiyah I. Muawiyah promoted the construction of minarets. He thought they would set mosques at eye level with Christian churches and their bell towers.
He was offered a Fulbright scholarship in 1965 to study in the United States.,1965 erhielt er ein Fulbright-Stipendium.,他获得富布赖特奖学金在美国学习。,He was awarded a Fulbright scholarship to study in the United States.,In 1965 he received a Fulbright scholarship.
The clinic was very modern and remained in the control of the Binswanger family for nearly 120 years.,Die Klinik wurde von der Familie Binswanger seit fast 120 Jahren auf dem neuesten Stand gehalten und kontrolliert.,"诊所非常现代化,宾斯旺格一家近120年来一直控制着诊所。",The clinic is very modern and the Binswange family has been in control for almost 120 years.,The clinic has been kept up-to-date and controlled by the Binswanger family for almost 120 years.
"The show expanded from a half-hour in length to one hour starting on December 1, 1975.",Die Show wurde ab 1. Dezember 1975 von einer halben Stunde auf eine Stunde verlängert.,该节目的长度在1975年12月1日增加到一小时。,The length of the programme was increased to one hour on 1 December 1975.,The show was extended from 1 December 1975 from half an hour to one hour.
"Through a business connection, he was introduced to Mary Parent with Universal Pictures, who immediately signed on after watching the episodes on DVD.","Er wurde Mary Parent mit Universal Pictures vorgestellt, die sich nach den Episoden auf DVD unterschrieb.",他在观看DVD的片段后签了字。,He signed it after watching the DVD clips.,"He was introduced to Mary Parent with Universal Pictures, which signed on to DVD after the episodes."
"After gathering a list of names from fans and conducting an online poll, the feature was named ECW X-Stream on October 31, 2007.",Nach dem Sammeln von Namen von Fans und der Durchführung einer Online-Umfrage wurde das Feature am 31. Oktober 2007 ECW X-Stream genannt.,"在收集了粉丝及其投票者名单后,该节目名为ECW X-Stream。","After collecting the list of fans and their voters, the programme was called ECW X-Stream.","After collecting names of fans and conducting an online survey, the feature was called ECW X-Stream on October 31, 2007."
"Brusque is a city of 94,962 inhabitants in Santa Catarina, Brazil.","Brusque ist eine Stadt mit 94.962 Einwohnern in Santa Catarina, Brasilien.","巴西圣卡塔琳娜(Santa Catarina)的布鲁斯克市人口为94,962人。","The population of the city of Brüsk in Santa Catarina, Brazil, is 94,962.","Brusque is a town in Santa Catarina, Brazil."
"The medal was first awarded in 1902 to J. J. Thomson ""for his numerous contributions to electric science, especially in reference to the phenomena of electric discharge in gases"", and has since been awarded 105 times.","Die Medaille wurde erstmals 1902 an J. J. Thomson ""für seine vielen Beiträge zur Elektrowissenschaft, vor allem im Bereich der Phänomene der elektrischen Entladung in Gasen"" verliehen und wurde seitdem 105 Mal verliehen.","该奖牌于1902年首次颁发给J.J.Thomson, "" 因为他对电力科学作出了许多贡献,特别是在气体中放电现象方面 "" 。 从那时起,该奖牌被授予105次。","The medal was first presented to J.J. Thomson in 1902, "" because of his many contributions to the electrical sciences, particularly with regard to the emission of electricity in the gas "", and since then the medal has been awarded 105 times.","The medal was awarded for the first time in 1902 to J. J. Thomson ""for his many contributions to electrical science, especially in the field of phenomena of electrical discharge in gases"" and has since been awarded 105 times."
The satellite has been given the provisional designation S / 2003 (130) 1.,Der S / 2003 (130) 1 Satellit ist provisorisch.,S / 2003 (130) 1号卫星被指定为临时卫星。,S/2003(130)1 was designated as a temporary satellite.,The S / 2003 (130) 1 satellite is provisional.
He was one of the most influential madrigalist in the middle of the 16th century.,Er war einer der mächtigsten Madrigalisten in der Mitte des 16. Jahrhunderts.,他对16世纪中叶的疯狂主义者有影响,He had an influence on the mid-16th century madman.,He was one of the most powerful madrigalists in the mid-16th century.
Tzu Chi was the first force from outside the People's Republic of China to join the rescue effort.,"Tzu Chi war zuerst von außerhalb der Republik China, um sich der Rettung anzuschließen.","除中华民国外,慈济是第一个参加救援工作的组织。","With the exception of the Republic of China, Tzu Chi was the first organization to participate in the relief effort.",Tzu Chi was first from outside the Republic of China to join the rescue.
"The eared seals or otariids are marine mammals in the family Otariidae, one of three groupings of Pinnipeds.",Seehunde sind Meeressäugetiere der Familie Otariidae und eine von drei Gruppen von Pinnipeds.,"耳海豹或燕尾动物是Otariidae家族的海洋哺乳动物,是Pinnipe三组动物之一。",The ear seals or petals are marine mammals of the Otariidae family and are one of three groups of Pinnipe animals.,Seals are marine mammals of the Otariidae family and one of three groups of Pinnipeds.
"It consists of the red cross of Saint George (patron saint of England), edged in white, superimposed on the Cross of St Patrick (patron saint of Ireland), which are superimposed on the Saltire of Saint Andrew (patron saint of Scotland).","Es umfasst das rote Kreuz des heiligen Georg in weiß, überlagert auf dem Kreuz des heiligen Patrick, die auf dem Saltire des heiligen Andreas überlagert sind.","它有圣乔治的红十字,他是英格兰的圣圣徒。 它用白色加在圣帕特里克的十字架上,上面是爱尔兰的圣徒。 这些加在圣安德鲁的Saltire上,上面是苏格兰的圣徒。","It has the Red Cross of St. George, a Saint of England, and it has white on St. Patrick's cross, and it has Irish saints on it, and it's on Saltire of St. Andrew, and it's a Saint of Scotland.","It includes the red cross of St. George in white, superimposed on the cross of St. Patrick, which is superimposed on the Saltire of St. Andrew."
"With the help of an albatross named Orville, the mice fly to the Bayou, and meet a dragonfly named Evinrude, who speeds them in a leaf to the ship where Penny is held.","Ein Albatros namens Orville half den Mäusen, zum Bayou zu fliegen, um eine Libelle namens Evinrude zu treffen, die sie dann in einem Blatt zu dem Schiff beschleunigt, in dem Penny gehalten wird.",一只叫Orville的信天翁 帮助老鼠飞到巴尤,An albatross named Orville helped rats fly to Bayo.,"An Albatros named Orville helped the mice fly to Bayou to meet a dragonfly named Evinrude, which then accelerates them in a leaf to the ship where Penny is kept."
"Her follow-up single ""Girlfriend"" also debuted at number one and her first album, Honey to the B (released immediately afterwards) debuted at Number 14 in the UK album charts.","Ihr nächster Song ""Girlfriend"" war auch auf Platz eins. Während ihr erstes Album, Honey to the B war auf Platz 14 in den UK Charts.","她的后续单张“女朋友”进入第一张图表,第一张专辑《Honey to the B》(随后立即发行)在《英国专辑图表》第14号首发。","Her follow-up “girlfriend friend” entered the first chart, and the first album, “Honey to the B” (subsequently released immediately), was launched in British Album Chart No. 14.","Her next song ""Girlfriend"" was also at number one. While her first album, Honey to the B was at number 14 on the UK charts."
Guangxi (or Guangxi Zhuang Autonomous Region;) is a Zhuang autonomous region of the People's Republic of China.,Guangxi ist eine autonome Zhuang-Region in der Volksrepublik China.,广西是中华人民共和国的一个自治区。,Guangxi is an autonomous region of the People's Republic of China.,Guangxi is an autonomous Zhuang region in the People's Republic of China.
"Functions may variously include sensing touch, air motion, heat, vibration (sound), and especially olfaction (smell) or gustation (taste).","Zu den Funktionen können z. B. Berührung, Luftbewegung, Hitze, Vibrationsgeräusche und Geruch oder Geschmack gehören.",它可能具有以下功能:感触、空气运动、热、振动、气味或口味。,"It may have the following functions: touch, air motion, heat, vibration, odour or taste.","Functions may include, for example, touch, air movement, heat, vibration noise and smell or taste."
"The Sutlej River (alternatively spelled as Satluj River) (,,,, and) is the longest of the five rivers that flow through the historic crossroad region of Punjab in northern India and Pakistan.","Es gibt fünf Flüsse, die durch die Region Punjab in Nordindien und Pakistan fließen. Der Sutlej Fluss ist der längste dieser fünf Flüsse.",Sutlej河(也拼写为Satluj河)是印度和巴基斯坦北部旁遮普省历史性十字路口地区五条河流中最长的河流。,The Sutlej River (also spelled the Satluj River) is the longest of five rivers in the historic crossroads of the province of Punjab in northern India and Pakistan.,There are five rivers flowing through the Punjab region in northern India and Pakistan. Sutlej River is the longest of these five rivers.
She later attended the Fiorello H. LaGuardia High School of Music & Art and Performing Arts (the high school featured in the movie Fame) before she entered the theater program at Juilliard.,"Später besuchte sie die Fiorello H. LaGuardia High School of Music & Art and Performing Arts (ein High-School-Film mit Fame), bevor sie in Juilliards Theaterprogramm eintrat.",她是Fiorello H. LaGuardia音乐艺术和表演艺术高中及后来的Juilliad学院的学生。,She is a student of Fiorello H. LaGuardia High School for Musical and Performing Arts and later Juilliad College.,She later attended the Fiorello H. LaGuardia High School of Music & Art and Performing Arts (a high school movie with Fame) before joining Juilliard's theater program.
"Some grow to be institutions as large as major hospitals, whilst retaining the name clinic.","Einige wachsen so groß wie große Krankenhäuser, während der Name Klinik.","有些机构成为大如大医院的机构,但仍被称为诊所。",Some institutions have become large hospitals but are still referred to as clinics.,"Some grow as large as large hospitals, while the name clinic."
"Secondly, it should be computationally infeasible to generate a valid signature for a party who does not possess the private key.","Außerdem sollte es nicht möglich sein, eine brauchbare Signatur für eine Gruppe zu erstellen, die keinen privaten Schlüssel hat.","第二,对于没有私人钥匙的人来说,不可能作出良好的签字。","Secondly, a good signature is not possible for a person who does not have a private key.","Furthermore, it should not be possible to create a usable signature for a group that does not have a private key."
The Mulde River runs through the easternmost part of the district.,Der Mulde fließt durch den östlichen Teil des Distrikts.,穆尔德河穿过该地区东部。,The Murd River passes through the eastern part of the area.,The Mulde flows through the eastern part of the district.
"Numerous movies have been filmed at the park, including portions of ""This is Cinerama,"" the first feature filmed in that wide-screen format, and a string of Esther Williams films and TV specials in the 1950s and 1960s.","Zahlreiche Filme wurden im Park gedreht, darunter Teile von ""This is Cinerama"", dem ersten Spielfilm in diesem Breitbildformat, und eine Reihe von Esther Williams-Filmen und TV-Specials aus den 1950er und 1960er Jahren.","在公园里拍摄了许多电影。 在公园里拍摄了“这是Cinerama ” ( Cinerama)的片段,这是第一个以宽屏幕形式拍摄的片段,1950年代和1960年代的一连串Esther Williams电影和电视特别节目也在那里拍摄。","Many films were filmed in the park, where the film “This is Cinerama” was filmed, the first in broad-screen format, and where a series of Esther Williams films and television features were filmed in the 1950s and 1960s.","Numerous films were filmed in the park, including parts of ""This is Cinerama"", the first feature film in this widescreen format, and a series of Esther Williams films and TV specials from the 1950s and 1960s."
"Since then, documentation of saffron's use over the span of 4,000 years in the treatment of some 90 illnesses has been uncovered.",Die Dokumentation der Verwendung von Safran über 4.000 Jahre zeigt die Behandlung von etwa 90 Krankheiten.,"自那时以来,我们看到有证据表明,4 000年来,黄花治疗了大约90种疾病。","Since then, we have seen evidence that yellow flowers have treated some 90 diseases over 4,000 years.","The documentation of the use of saffron over 4,000 years shows the treatment of about 90 diseases."
"Banding features continued to organize as the system slowly strengthened, and on August 23 Debby attained a peak intensity of 50 mph (85 km / h) over the open waters of the Atlantic Ocean.",Am 23. August hatte Debby eine Spitzenintensität von 50 mph (85 km/h) über dem Atlantischen Ozean.,"8月23日,Debby在大西洋上空的高峰强度为50米(85公里/小时)","On 23 August, Debby had a peak strength of 50 metres (85 km/h) over the Atlantic Ocean.","On August 23, Debby had a peak intensity of 50 mph (85 km/h) over the Atlantic Ocean."
"While there he meets a young half-black boy by the name of Arthur Stuart, the son of a slave and a slave-owner who has been adopted by the owners of the local guesthouse.","Dort trifft er auf einen kleinen halbschwarzen Jungen namens Arthur Stuart, den Sohn eines Sklaven und Sklavenbesitzers, der von den nahe gelegenen Pensionsbesitzern adoptiert wurde.","他遇到了一个叫Arthur Stuart的半黑男孩,一个奴隶的儿子和一个奴隶主人,被当地宾馆的主人收养。","He met a half-black boy, Arthur Stuart, the son of a slave and the owner of a slave, who was adopted by the owner of the local hotel.","There he meets a little half-black boy named Arthur Stuart, the son of a slave and slave owner who was adopted by the nearby pensioners."
"RIAA Website Although total worldwide album sales are not calculated by any single entity, as of 2004 several industry sources estimated Rush's total worldwide album sales at over 40 million units.","Obwohl kein einziges Unternehmen den weltweiten Album-Umsatz insgesamt berechnet, schätzen die Quellen der Industrie Rushs weltweiten Album-Umsatz im Jahr 2004 auf über 40 Millionen Stück.","截至2004年,世界性专辑销售总额超过4 000万单位。","As of 2004, the total volume of worldwide album sales was over 40 million units.","Although not a single company calculates global album sales overall, industry sources estimate Rush's global album sales in 2004 at over 40 million copies."
"Unusually, the publishers of winning works are honored with a certificate.",Die Gewinner werden mit einem Zertifikat geehrt.,"通常情况下,获奖作品的出版商获得证书。","Usually, the award-winning publisher receives a certificate.",The winners will be honoured with a certificate.